{
  "model_info": {
    "path": "runs/h200_stage1_fasdd7/weights/best.pt",
    "device": "NVIDIA H200",
    "timestamp": "2025-08-24T18:27:54.707257",
    "model_size_mb": 42.799010276794434
  },
  "accuracy_tests": {
    "fasdd_test": {
      "mAP50": 0.9056517209924269,
      "mAP50_95": 0.6720701190804236,
      "precision": 0.9131633298950431,
      "recall": 0.806515058586494,
      "f1_score": 0.8565322230508983,
      "validation_time_sec": 146.14507365226746,
      "num_images": 2,
      "description": "FASDD test set (multi-class fire+smoke)"
    },
    "fasdd_val": {
      "mAP50": 0.7904329308139146,
      "mAP50_95": 0.5378292068153606,
      "precision": 0.7780299204944018,
      "recall": 0.6999534805829284,
      "f1_score": 0.736929454621422,
      "validation_time_sec": 155.50523900985718,
      "num_images": 2,
      "description": "FASDD validation set"
    },
    "pyro_test": {
      "error": "Dataset 'data/raw/pyro-sdis/data.yaml' images not found, missing path '/workspace/sai-net-detector/data/raw/pyro-sdis/data/raw/pyro-sdis/images/val'\nNote dataset download directory is '/workspace/sai-net-detector/datasets'. You can update this in '/root/.config/Ultralytics/settings.json'"
    },
    "pyro_val": {
      "error": "Dataset 'data/raw/pyro-sdis/data.yaml' images not found, missing path '/workspace/sai-net-detector/data/raw/pyro-sdis/data/raw/pyro-sdis/images/val'\nNote dataset download directory is '/workspace/sai-net-detector/datasets'. You can update this in '/root/.config/Ultralytics/settings.json'"
    }
  },
  "speed_tests": {},
  "edge_case_tests": {
    "confidence_thresholds": {
      "conf_0.1": {
        "confidence": 0.1,
        "mAP50": 0.9039333424846703,
        "precision": 0.9131633298950431,
        "recall": 0.806515058586494
      },
      "conf_0.25": {
        "confidence": 0.25,
        "mAP50": 0.8937510952095343,
        "precision": 0.9131633298950431,
        "recall": 0.806515058586494
      },
      "conf_0.5": {
        "confidence": 0.5,
        "mAP50": 0.8618836549827482,
        "precision": 0.9497620013025456,
        "recall": 0.7534286289098128
      },
      "conf_0.75": {
        "confidence": 0.75,
        "mAP50": 0.7847265126559538,
        "precision": 0.9850357100475481,
        "recall": 0.5838684270566514
      },
      "conf_0.9": {
        "confidence": 0.9,
        "mAP50": 0.5896045424022347,
        "precision": 0.9949790110111203,
        "recall": 0.1845821460490469
      }
    }
  },
  "sota_comparisons": {
    "sai_net_performance": {
      "mAP50": 0.9044674737596036,
      "inference_ms": 4.989645481109619,
      "fps": 200.4150402640661,
      "source": "Current benchmark",
      "description": "SAI-Net Stage 1 (current)"
    },
    "comparisons": {
      "SmokeyNet": {
        "baseline_model": "SmokeyNet",
        "baseline_description": "CNN+LSTM+ViT smoke detector",
        "mAP50_improvement": 8.71003290379851,
        "speed_improvement": 10.341416077625814,
        "fps_improvement": 10.330672178560109,
        "absolute_mAP_gain": 0.0724674737596036,
        "baseline_metrics": {
          "mAP50": 0.832,
          "inference_ms": 51.6,
          "fps": 19.4,
          "source": "Literature benchmark",
          "description": "CNN+LSTM+ViT smoke detector"
        },
        "sai_net_metrics": {
          "mAP50": 0.9044674737596036,
          "inference_ms": 4.989645481109619,
          "fps": 200.4150402640661,
          "source": "Current benchmark",
          "description": "SAI-Net Stage 1 (current)"
        }
      },
      "YOLOv8s_baseline": {
        "baseline_model": "YOLOv8s_baseline",
        "baseline_description": "Vanilla YOLOv8s without SAI-Net optimizations",
        "mAP50_improvement": 33.0099226117064,
        "speed_improvement": 0.7014526409242315,
        "fps_improvement": 0.7032106675932144,
        "absolute_mAP_gain": 0.22446747375960352,
        "baseline_metrics": {
          "mAP50": 0.68,
          "inference_ms": 3.5,
          "fps": 285,
          "source": "Estimated baseline",
          "description": "Vanilla YOLOv8s without SAI-Net optimizations"
        },
        "sai_net_metrics": {
          "mAP50": 0.9044674737596036,
          "inference_ms": 4.989645481109619,
          "fps": 200.4150402640661,
          "source": "Current benchmark",
          "description": "SAI-Net Stage 1 (current)"
        }
      },
      "FireNet": {
        "baseline_model": "FireNet",
        "baseline_description": "CNN-based fire detection",
        "mAP50_improvement": 22.225334291838323,
        "speed_improvement": 5.010376006601653,
        "fps_improvement": 5.0103760066016525,
        "absolute_mAP_gain": 0.16446747375960358,
        "baseline_metrics": {
          "mAP50": 0.74,
          "inference_ms": 25.0,
          "fps": 40,
          "source": "Literature benchmark",
          "description": "CNN-based fire detection"
        },
        "sai_net_metrics": {
          "mAP50": 0.9044674737596036,
          "inference_ms": 4.989645481109619,
          "fps": 200.4150402640661,
          "source": "Current benchmark",
          "description": "SAI-Net Stage 1 (current)"
        }
      }
    },
    "summary_stats": {
      "best_mAP_improvement": 33.0099226117064,
      "best_speed_improvement": 10.341416077625814,
      "average_mAP_gain": 0.1538008070929369,
      "average_speed_multiplier": 5.351081575050567
    }
  },
  "summary": {
    "accuracy": {
      "best_mAP50": 0.9056517209924269,
      "average_mAP50": 0.8480423259031707,
      "best_precision": 0.9131633298950431,
      "best_recall": 0.806515058586494,
      "datasets_tested": 2
    },
    "sota_comparison": {
      "best_mAP_improvement": 33.0099226117064,
      "best_speed_improvement": 10.341416077625814,
      "average_mAP_gain": 0.1538008070929369,
      "average_speed_multiplier": 5.351081575050567
    },
    "overall_grade": {
      "score": 94.33910325954561,
      "max_score": 100,
      "letter": "A+",
      "description": "EXCEPTIONAL - Exceeds all benchmarks significantly"
    }
  }
}